<?xml version="1.0" encoding="UTF-8"?>
<addon id="plugin.audio.radiosindia"
version="0.1.1"
name="Radios India"
provider-name="Gujal">
<requires>
  <import addon="xbmc.python" version="2.20.0"/>
  <import addon="script.module.requests" version="2.4.3"/>
  <import addon="script.module.beautifulsoup" version="3.2.1"/>
</requires>
<extension point="xbmc.python.pluginsource" library="main.py">
  <provides>audio</provides>
</extension>
<extension point="xbmc.addon.metadata">
  <summary>Radios India</summary>
  <description>Radios India is a popular site to listen to Radio Stations from around India</description>
  <disclaimer>This addon provides access to Radios India website and is not liable for any content hosted on that site</disclaimer>
</extension>
</addon>
