<?xml version="1.0" encoding="UTF-8" standalone="yes"?>
<addon id="repository.gujal" name="Gujal Addon Repository" version="1.3" provider-name="Gujal">
	<extension point="xbmc.addon.repository" name="Gujal Addons Repository">
	<dir>
		<info compressed="false">https://github.com/zqfaen/tva-common/raw/master/addons.xml</info>
		<checksum>https://github.com/zqfaen/tva-common/raw/master/addons.xml.md5</checksum>
		<datadir zip="true">https://github.com/zqfaen/tva-common/raw/master/zips/</datadir>
	</dir>   
        <info compressed="false">https://raw.github.com/Gujal00/GujalKodiWork/master/addons.xml</info>
        <checksum>https://raw.github.com/Gujal00/GujalKodiWork/master/addons.xml.md5</checksum>
        <datadir zip="true">https://raw.github.com/Gujal00/GujalKodiWork/master/zips</datadir>
	</extension>
	<extension point="xbmc.addon.metadata">
		<summary>Third party Addons for Kodi</summary>
		<description>Gujal Addons Repository</description>
		<platform>all</platform>
	</extension>
</addon>
