<?xml version="1.0" encoding="UTF-8" standalone="yes"?>
<addon id="repository.gujal" name="Gujal's Addon Repository" version="1.0" provider-name="Gujal">
	<extension point="xbmc.addon.repository" name="Gujal's Addon Repository">
    <dir>
            <info compressed="false">https://raw.github.com/Gujal00/GujalKodiWork/master/addons.xml</info>
            <checksum>https://raw.github.com/Gujal00/GujalKodiWork/master/addons.xml.md5</checksum>
            <datadir zip="true">https://raw.github.com/Gujal00/GujalKodiWork/master/zips</datadir>
    </dir>
    
    <info compressed="false">https://raw.github.com/Gujal00/GujalKodiWork/master/addons.xml</info>
    <checksum>https://raw.github.com/Gujal00/GujalKodiWork/master/addons.xml.md5</checksum>
    <datadir zip="true">https://raw.github.com/Gujal00/GujalKodiWork/master/zips</datadir>

	</extension>
	<extension point="xbmc.addon.metadata">
		<summary>Addons for Kodi related to Entertainment from India</summary>
		<description>Go though the plugins and see what you like</description>
		<platform>all</platform>
	</extension>
</addon>
